{"name":"Steve Future Pig","short_name":"Steve Future Pig","description":"","start_url":"index.html","display":"fullscreen","orientation":"any","background_color":"#ffffff","icons":[{"src":"icons/icon-16.png","sizes":"16x16","type":"image/png"},{"src":"icons/icon-32.png","sizes":"32x32","type":"image/png"},{"src":"icons/icon-114.png","sizes":"114x114","type":"image/png"},{"src":"icons/icon-128.png","sizes":"128x128","type":"image/png"},{"src":"icons/icon-256.png","sizes":"256x256","type":"image/png"}]}